[
{
    "model": "caluma_form.form",
    "pk": "additional-data-form",
    "fields": {
        "created_at": "2021-05-31T11:30:26.207Z",
        "modified_at": "2021-05-31T11:30:26.207Z",
        "created_by_user": null,
        "created_by_group": null,
        "modified_by_user": null,
        "modified_by_group": null,
        "name": "{\"de\": \"Weitere Daten\", \"fr\": null, \"en\": null}",
        "description": "{\"de\": \"\", \"fr\": null, \"en\": null}",
        "meta": {},
        "is_published": false,
        "is_archived": false,
        "source": null
    }
},
{
    "model": "caluma_form.form",
    "pk": "circulation-form",
    "fields": {
        "created_at": "2021-05-31T11:28:57.077Z",
        "modified_at": "2021-05-31T11:28:57.077Z",
        "created_by_user": null,
        "created_by_group": null,
        "modified_by_user": null,
        "modified_by_group": null,
        "name": "{\"de\": \"Zirkulation\", \"fr\": null, \"en\": null}",
        "description": "{\"de\": \"\", \"fr\": null, \"en\": null}",
        "meta": {},
        "is_published": false,
        "is_archived": false,
        "source": null
    }
},
{
    "model": "caluma_form.form",
    "pk": "decision-and-credit-form",
    "fields": {
        "created_at": "2021-05-31T11:30:53.267Z",
        "modified_at": "2021-05-31T11:30:53.267Z",
        "created_by_user": null,
        "created_by_group": null,
        "modified_by_user": null,
        "modified_by_group": null,
        "name": "{\"de\": \"Entscheid und Kredit\", \"fr\": null, \"en\": null}",
        "description": "{\"de\": \"\", \"fr\": null, \"en\": null}",
        "meta": {},
        "is_published": false,
        "is_archived": false,
        "source": null
    }
},
{
    "model": "caluma_form.form",
    "pk": "define-amount-form",
    "fields": {
        "created_at": "2021-05-31T11:31:25.240Z",
        "modified_at": "2021-05-31T11:31:25.240Z",
        "created_by_user": null,
        "created_by_group": null,
        "modified_by_user": null,
        "modified_by_group": null,
        "name": "{\"de\": \"Betrag festlegen\", \"fr\": null, \"en\": null}",
        "description": "{\"de\": \"\", \"fr\": null, \"en\": null}",
        "meta": {},
        "is_published": false,
        "is_archived": false,
        "source": null
    }
},
{
    "model": "caluma_form.form",
    "pk": "review-document-form",
    "fields": {
        "created_at": "2021-05-31T08:19:43.129Z",
        "modified_at": "2021-05-31T08:19:43.129Z",
        "created_by_user": null,
        "created_by_group": null,
        "modified_by_user": null,
        "modified_by_group": null,
        "name": "{\"de\": \"Pr\\u00fcfung\", \"fr\": null, \"en\": null}",
        "description": "{\"de\": \"\", \"fr\": null, \"en\": null}",
        "meta": {},
        "is_published": false,
        "is_archived": false,
        "source": null
    }
},
{
    "model": "caluma_form.formquestion",
    "pk": "additional-data-form.additional-data-text",
    "fields": {
        "created_at": "2021-05-31T16:04:15.518Z",
        "modified_at": "2021-05-31T16:04:15.518Z",
        "created_by_user": null,
        "created_by_group": null,
        "modified_by_user": null,
        "modified_by_group": null,
        "form": "additional-data-form",
        "question": "additional-data-text",
        "sort": 1
    }
},
{
    "model": "caluma_form.formquestion",
    "pk": "circulation-form.circulation-comment",
    "fields": {
        "created_at": "2021-05-31T16:01:25.864Z",
        "modified_at": "2021-05-31T16:01:25.864Z",
        "created_by_user": null,
        "created_by_group": null,
        "modified_by_user": null,
        "modified_by_group": null,
        "form": "circulation-form",
        "question": "circulation-comment",
        "sort": 1
    }
},
{
    "model": "caluma_form.formquestion",
    "pk": "circulation-form.circulation-decision",
    "fields": {
        "created_at": "2021-06-25T13:19:22.324Z",
        "modified_at": "2021-06-25T13:19:22.324Z",
        "created_by_user": null,
        "created_by_group": null,
        "modified_by_user": null,
        "modified_by_group": null,
        "form": "circulation-form",
        "question": "circulation-decision",
        "sort": 2
    }
},
{
    "model": "caluma_form.formquestion",
    "pk": "decision-and-credit-form.decision-and-credit-advance-credit",
    "fields": {
        "created_at": "2021-06-10T16:45:20.451Z",
        "modified_at": "2021-06-10T16:45:20.451Z",
        "created_by_user": null,
        "created_by_group": null,
        "modified_by_user": null,
        "modified_by_group": null,
        "form": "decision-and-credit-form",
        "question": "decision-and-credit-advance-credit",
        "sort": 1
    }
},
{
    "model": "caluma_form.formquestion",
    "pk": "decision-and-credit-form.decision-and-credit-decision",
    "fields": {
        "created_at": "2021-05-31T16:03:29.194Z",
        "modified_at": "2021-05-31T16:03:29.194Z",
        "created_by_user": null,
        "created_by_group": null,
        "modified_by_user": null,
        "modified_by_group": null,
        "form": "decision-and-credit-form",
        "question": "decision-and-credit-decision",
        "sort": 1
    }
},
{
    "model": "caluma_form.formquestion",
    "pk": "define-amount-form.define-amount-amount",
    "fields": {
        "created_at": "2021-05-31T16:05:05.820Z",
        "modified_at": "2021-05-31T16:05:05.820Z",
        "created_by_user": null,
        "created_by_group": null,
        "modified_by_user": null,
        "modified_by_group": null,
        "form": "define-amount-form",
        "question": "define-amount-amount",
        "sort": 1
    }
},
{
    "model": "caluma_form.formquestion",
    "pk": "review-document-form.review-document-decision",
    "fields": {
        "created_at": "2021-05-31T09:41:37.989Z",
        "modified_at": "2021-05-31T09:41:37.989Z",
        "created_by_user": null,
        "created_by_group": null,
        "modified_by_user": null,
        "modified_by_group": null,
        "form": "review-document-form",
        "question": "review-document-decision",
        "sort": 1
    }
},
{
    "model": "caluma_form.question",
    "pk": "additional-data-text",
    "fields": {
        "created_at": "2021-05-31T16:04:15.425Z",
        "modified_at": "2021-05-31T16:04:15.425Z",
        "created_by_user": null,
        "created_by_group": null,
        "modified_by_user": null,
        "modified_by_group": null,
        "label": "{\"de\": \"Text\", \"fr\": null, \"en\": null}",
        "type": "text",
        "is_required": "false",
        "is_hidden": "false",
        "is_archived": false,
        "placeholder": "{\"de\": null, \"fr\": null, \"en\": null}",
        "info_text": "{\"de\": null, \"fr\": null, \"en\": null}",
        "static_content": "{\"de\": \"\", \"fr\": \"\", \"en\": \"\"}",
        "configuration": {
            "max_length": null,
            "min_length": null
        },
        "meta": {},
        "data_source": null,
        "row_form": null,
        "sub_form": null,
        "source": null,
        "format_validators": "[]",
        "default_answer": null,
        "calc_expression": null,
        "calc_dependents": "[]"
    }
},
{
    "model": "caluma_form.question",
    "pk": "circulation-comment",
    "fields": {
        "created_at": "2021-05-31T16:01:25.772Z",
        "modified_at": "2021-05-31T16:01:25.772Z",
        "created_by_user": null,
        "created_by_group": null,
        "modified_by_user": null,
        "modified_by_group": null,
        "label": "{\"de\": \"Kommentar\", \"fr\": null, \"en\": null}",
        "type": "textarea",
        "is_required": "false",
        "is_hidden": "false",
        "is_archived": false,
        "placeholder": "{\"de\": null, \"fr\": null, \"en\": null}",
        "info_text": "{\"de\": null, \"fr\": null, \"en\": null}",
        "static_content": "{\"de\": \"\", \"fr\": \"\", \"en\": \"\"}",
        "configuration": {
            "max_length": null,
            "min_length": null
        },
        "meta": {},
        "data_source": null,
        "row_form": null,
        "sub_form": null,
        "source": null,
        "format_validators": "[]",
        "default_answer": null,
        "calc_expression": null,
        "calc_dependents": "[]"
    }
},
{
    "model": "caluma_form.question",
    "pk": "circulation-decision",
    "fields": {
        "created_at": "2021-06-25T13:19:22.232Z",
        "modified_at": "2021-06-25T13:19:30.433Z",
        "created_by_user": null,
        "created_by_group": null,
        "modified_by_user": null,
        "modified_by_group": null,
        "label": "{\"de\": \"Entscheid\", \"fr\": null, \"en\": null}",
        "type": "choice",
        "is_required": "true",
        "is_hidden": "false",
        "is_archived": false,
        "placeholder": "{\"de\": null, \"fr\": null, \"en\": null}",
        "info_text": "{\"de\": \"\", \"fr\": null, \"en\": null}",
        "static_content": "{\"de\": \"\", \"fr\": \"\", \"en\": \"\"}",
        "configuration": {},
        "meta": {},
        "data_source": null,
        "row_form": null,
        "sub_form": null,
        "source": null,
        "format_validators": "[]",
        "default_answer": null,
        "calc_expression": null,
        "calc_dependents": "[]"
    }
},
{
    "model": "caluma_form.question",
    "pk": "decision-and-credit-advance-credit",
    "fields": {
        "created_at": "2021-06-10T16:45:20.330Z",
        "modified_at": "2021-06-10T16:45:20.330Z",
        "created_by_user": null,
        "created_by_group": null,
        "modified_by_user": null,
        "modified_by_group": null,
        "label": "{\"de\": \"Vorschussgenehmigung\", \"fr\": null, \"en\": null}",
        "type": "choice",
        "is_required": "false",
        "is_hidden": "false",
        "is_archived": false,
        "placeholder": "{\"de\": null, \"fr\": null, \"en\": null}",
        "info_text": "{\"de\": null, \"fr\": null, \"en\": null}",
        "static_content": "{\"de\": \"\", \"fr\": \"\", \"en\": \"\"}",
        "configuration": {},
        "meta": {},
        "data_source": null,
        "row_form": null,
        "sub_form": null,
        "source": null,
        "format_validators": "[]",
        "default_answer": null,
        "calc_expression": null,
        "calc_dependents": "[]"
    }
},
{
    "model": "caluma_form.question",
    "pk": "decision-and-credit-decision",
    "fields": {
        "created_at": "2021-05-31T16:03:29.087Z",
        "modified_at": "2021-08-05T12:18:00.612Z",
        "created_by_user": null,
        "created_by_group": null,
        "modified_by_user": null,
        "modified_by_group": null,
        "label": "{\"de\": \"Entscheid\", \"fr\": null, \"en\": null}",
        "type": "choice",
        "is_required": "true",
        "is_hidden": "false",
        "is_archived": false,
        "placeholder": "{\"de\": null, \"fr\": null, \"en\": null}",
        "info_text": "{\"de\": \"\", \"fr\": null, \"en\": null}",
        "static_content": "{\"de\": \"\", \"fr\": \"\", \"en\": \"\"}",
        "configuration": {},
        "meta": {},
        "data_source": null,
        "row_form": null,
        "sub_form": null,
        "source": null,
        "format_validators": "[]",
        "default_answer": null,
        "calc_expression": null,
        "calc_dependents": "[]"
    }
},
{
    "model": "caluma_form.question",
    "pk": "define-amount-amount",
    "fields": {
        "created_at": "2021-05-31T16:05:05.729Z",
        "modified_at": "2021-08-05T12:18:20.850Z",
        "created_by_user": null,
        "created_by_group": null,
        "modified_by_user": null,
        "modified_by_group": null,
        "label": "{\"de\": \"Betrag\", \"fr\": null, \"en\": null}",
        "type": "integer",
        "is_required": "true",
        "is_hidden": "false",
        "is_archived": false,
        "placeholder": "{\"de\": \"\", \"fr\": null, \"en\": null}",
        "info_text": "{\"de\": \"\", \"fr\": null, \"en\": null}",
        "static_content": "{\"de\": \"\", \"fr\": \"\", \"en\": \"\"}",
        "configuration": {
            "max_value": null,
            "min_value": null
        },
        "meta": {},
        "data_source": null,
        "row_form": null,
        "sub_form": null,
        "source": null,
        "format_validators": "[]",
        "default_answer": null,
        "calc_expression": null,
        "calc_dependents": "[]"
    }
},
{
    "model": "caluma_form.question",
    "pk": "review-document-decision",
    "fields": {
        "created_at": "2021-05-31T09:41:37.767Z",
        "modified_at": "2021-06-03T09:17:44.911Z",
        "created_by_user": null,
        "created_by_group": null,
        "modified_by_user": null,
        "modified_by_group": null,
        "label": "{\"de\": \"Entscheid\", \"fr\": null, \"en\": null}",
        "type": "choice",
        "is_required": "true",
        "is_hidden": "false",
        "is_archived": false,
        "placeholder": "{\"de\": null, \"fr\": null, \"en\": null}",
        "info_text": "{\"de\": \"\", \"fr\": null, \"en\": null}",
        "static_content": "{\"de\": \"\", \"fr\": \"\", \"en\": \"\"}",
        "configuration": {},
        "meta": {},
        "data_source": null,
        "row_form": null,
        "sub_form": null,
        "source": null,
        "format_validators": "[]",
        "default_answer": null,
        "calc_expression": null,
        "calc_dependents": "[]"
    }
},
{
    "model": "caluma_form.question",
    "pk": "submit-button",
    "fields": {
        "created_at": "2021-08-05T12:19:11.910Z",
        "modified_at": "2021-08-05T12:19:11.910Z",
        "created_by_user": "5038d94f-cc61-4631-b181-7ee38987f7da",
        "created_by_group": "admin",
        "modified_by_user": null,
        "modified_by_group": null,
        "label": "{\"de\": \"Submit button\", \"fr\": null, \"en\": null}",
        "type": "static",
        "is_required": "false",
        "is_hidden": "false",
        "is_archived": false,
        "placeholder": "{\"de\": null, \"fr\": null, \"en\": null}",
        "info_text": "{\"de\": null, \"fr\": null, \"en\": null}",
        "static_content": "{\"de\": \"\", \"fr\": \"\", \"en\": \"\"}",
        "configuration": {},
        "meta": {
            "widgetOverride": "submit-button"
        },
        "data_source": null,
        "row_form": null,
        "sub_form": null,
        "source": null,
        "format_validators": "[]",
        "default_answer": null,
        "calc_expression": null,
        "calc_dependents": "[]"
    }
},
{
    "model": "caluma_form.questionoption",
    "pk": "circulation-decision.circulation-decision-approved",
    "fields": {
        "created_at": "2021-06-03T09:17:44.922Z",
        "modified_at": "2021-06-03T09:17:44.922Z",
        "created_by_user": null,
        "created_by_group": null,
        "modified_by_user": null,
        "modified_by_group": null,
        "question": "circulation-decision",
        "option": "circulation-decision-approved",
        "sort": 1
    }
},
{
    "model": "caluma_form.questionoption",
    "pk": "circulation-decision.circulation-decision-declined",
    "fields": {
        "created_at": "2021-06-03T09:17:44.931Z",
        "modified_at": "2021-06-03T09:17:44.931Z",
        "created_by_user": null,
        "created_by_group": null,
        "modified_by_user": null,
        "modified_by_group": null,
        "question": "circulation-decision",
        "option": "circulation-decision-declined",
        "sort": 2
    }
},
{
    "model": "caluma_form.questionoption",
    "pk": "decision-and-credit-advance-credit.decision-and-credit-advance-credit-approved",
    "fields": {
        "created_at": "2021-06-10T16:45:20.345Z",
        "modified_at": "2021-06-10T16:45:20.345Z",
        "created_by_user": null,
        "created_by_group": null,
        "modified_by_user": null,
        "modified_by_group": null,
        "question": "decision-and-credit-advance-credit",
        "option": "decision-and-credit-advance-credit-approved",
        "sort": 1
    }
},
{
    "model": "caluma_form.questionoption",
    "pk": "decision-and-credit-decision.decision-and-credit-decision-additional-data",
    "fields": {
        "created_at": "2021-08-05T12:18:00.631Z",
        "modified_at": "2021-08-05T12:18:00.631Z",
        "created_by_user": null,
        "created_by_group": null,
        "modified_by_user": null,
        "modified_by_group": null,
        "question": "decision-and-credit-decision",
        "option": "decision-and-credit-decision-additional-data",
        "sort": 4
    }
},
{
    "model": "caluma_form.questionoption",
    "pk": "decision-and-credit-decision.decision-and-credit-decision-close",
    "fields": {
        "created_at": "2021-08-05T12:18:00.628Z",
        "modified_at": "2021-08-05T12:18:00.628Z",
        "created_by_user": null,
        "created_by_group": null,
        "modified_by_user": null,
        "modified_by_group": null,
        "question": "decision-and-credit-decision",
        "option": "decision-and-credit-decision-close",
        "sort": 3
    }
},
{
    "model": "caluma_form.questionoption",
    "pk": "decision-and-credit-decision.decision-and-credit-decision-complete",
    "fields": {
        "created_at": "2021-08-05T12:18:00.622Z",
        "modified_at": "2021-08-05T12:18:00.622Z",
        "created_by_user": null,
        "created_by_group": null,
        "modified_by_user": null,
        "modified_by_group": null,
        "question": "decision-and-credit-decision",
        "option": "decision-and-credit-decision-complete",
        "sort": 1
    }
},
{
    "model": "caluma_form.questionoption",
    "pk": "decision-and-credit-decision.decision-and-credit-decision-define-amount",
    "fields": {
        "created_at": "2021-08-05T12:18:00.625Z",
        "modified_at": "2021-08-05T12:18:00.625Z",
        "created_by_user": null,
        "created_by_group": null,
        "modified_by_user": null,
        "modified_by_group": null,
        "question": "decision-and-credit-decision",
        "option": "decision-and-credit-decision-define-amount",
        "sort": 2
    }
},
{
    "model": "caluma_form.questionoption",
    "pk": "review-document-decision.review-document-decision-complete",
    "fields": {
        "created_at": "2021-06-03T09:17:44.928Z",
        "modified_at": "2021-06-03T09:17:44.928Z",
        "created_by_user": null,
        "created_by_group": null,
        "modified_by_user": null,
        "modified_by_group": null,
        "question": "review-document-decision",
        "option": "review-document-decision-complete",
        "sort": 2
    }
},
{
    "model": "caluma_form.questionoption",
    "pk": "review-document-decision.review-document-decision-continue",
    "fields": {
        "created_at": "2021-06-03T09:17:44.922Z",
        "modified_at": "2021-06-03T09:17:44.922Z",
        "created_by_user": null,
        "created_by_group": null,
        "modified_by_user": null,
        "modified_by_group": null,
        "question": "review-document-decision",
        "option": "review-document-decision-continue",
        "sort": 1
    }
},
{
    "model": "caluma_form.questionoption",
    "pk": "review-document-decision.review-document-decision-reject",
    "fields": {
        "created_at": "2021-06-03T09:17:44.931Z",
        "modified_at": "2021-06-03T09:17:44.931Z",
        "created_by_user": null,
        "created_by_group": null,
        "modified_by_user": null,
        "modified_by_group": null,
        "question": "review-document-decision",
        "option": "review-document-decision-reject",
        "sort": 3
    }
},
{
    "model": "caluma_form.option",
    "pk": "circulation-decision-approved",
    "fields": {
        "created_at": "2021-06-25T13:19:30.349Z",
        "modified_at": "2021-06-25T13:19:30.349Z",
        "created_by_user": null,
        "created_by_group": null,
        "modified_by_user": null,
        "modified_by_group": null,
        "label": "{\"de\": \"Genehmigt\", \"fr\": null, \"en\": null}",
        "is_archived": false,
        "meta": {},
        "source": null
    }
},
{
    "model": "caluma_form.option",
    "pk": "circulation-decision-declined",
    "fields": {
        "created_at": "2021-06-25T13:19:30.354Z",
        "modified_at": "2021-06-25T13:19:30.354Z",
        "created_by_user": null,
        "created_by_group": null,
        "modified_by_user": null,
        "modified_by_group": null,
        "label": "{\"de\": \"Abgelehnt\", \"fr\": null, \"en\": null}",
        "is_archived": false,
        "meta": {},
        "source": null
    }
},
{
    "model": "caluma_form.option",
    "pk": "decision-and-credit-advance-credit-approved",
    "fields": {
        "created_at": "2021-06-10T16:45:20.210Z",
        "modified_at": "2021-06-10T16:45:20.210Z",
        "created_by_user": null,
        "created_by_group": null,
        "modified_by_user": null,
        "modified_by_group": null,
        "label": "{\"de\": \"Genehmigt\", \"fr\": null, \"en\": null}",
        "is_archived": false,
        "meta": {},
        "source": null
    }
},
{
    "model": "caluma_form.option",
    "pk": "decision-and-credit-decision-additional-data",
    "fields": {
        "created_at": "2021-06-04T07:25:30.776Z",
        "modified_at": "2021-08-05T12:18:00.453Z",
        "created_by_user": null,
        "created_by_group": null,
        "modified_by_user": null,
        "modified_by_group": null,
        "label": "{\"de\": \"Weitere Daten\", \"fr\": null, \"en\": null}",
        "is_archived": false,
        "meta": {},
        "source": null
    }
},
{
    "model": "caluma_form.option",
    "pk": "decision-and-credit-decision-close",
    "fields": {
        "created_at": "2021-05-31T16:03:28.978Z",
        "modified_at": "2021-08-05T12:18:00.433Z",
        "created_by_user": null,
        "created_by_group": null,
        "modified_by_user": null,
        "modified_by_group": null,
        "label": "{\"de\": \"Negativ Entscheid\", \"fr\": null, \"en\": null}",
        "is_archived": false,
        "meta": {},
        "source": null
    }
},
{
    "model": "caluma_form.option",
    "pk": "decision-and-credit-decision-complete",
    "fields": {
        "created_at": "2021-06-04T07:27:34.604Z",
        "modified_at": "2021-08-05T12:18:00.437Z",
        "created_by_user": null,
        "created_by_group": null,
        "modified_by_user": null,
        "modified_by_group": null,
        "label": "{\"de\": \"Abschluss\", \"fr\": null, \"en\": null}",
        "is_archived": false,
        "meta": {},
        "source": null
    }
},
{
    "model": "caluma_form.option",
    "pk": "decision-and-credit-decision-define-amount",
    "fields": {
        "created_at": "2021-05-31T16:03:28.962Z",
        "modified_at": "2021-08-05T12:18:00.439Z",
        "created_by_user": null,
        "created_by_group": null,
        "modified_by_user": null,
        "modified_by_group": null,
        "label": "{\"de\": \"Betrag festlegen\", \"fr\": null, \"en\": null}",
        "is_archived": false,
        "meta": {},
        "source": null
    }
},
{
    "model": "caluma_form.option",
    "pk": "review-document-decision-",
    "fields": {
        "created_at": "2021-05-31T08:31:45.938Z",
        "modified_at": "2021-05-31T08:32:03.185Z",
        "created_by_user": null,
        "created_by_group": null,
        "modified_by_user": null,
        "modified_by_group": null,
        "label": "{\"de\": \"Abschluss\", \"fr\": null, \"en\": null}",
        "is_archived": false,
        "meta": {},
        "source": null
    }
},
{
    "model": "caluma_form.option",
    "pk": "review-document-decision-complete",
    "fields": {
        "created_at": "2021-05-31T09:54:31.474Z",
        "modified_at": "2021-06-03T09:17:44.753Z",
        "created_by_user": null,
        "created_by_group": null,
        "modified_by_user": null,
        "modified_by_group": null,
        "label": "{\"de\": \"Abschluss\", \"fr\": null, \"en\": null}",
        "is_archived": false,
        "meta": {},
        "source": null
    }
},
{
    "model": "caluma_form.option",
    "pk": "review-document-decision-continue",
    "fields": {
        "created_at": "2021-05-31T09:54:31.456Z",
        "modified_at": "2021-06-03T09:17:44.755Z",
        "created_by_user": null,
        "created_by_group": null,
        "modified_by_user": null,
        "modified_by_group": null,
        "label": "{\"de\": \"Weiterf\\u00fchrung\", \"fr\": null, \"en\": null}",
        "is_archived": false,
        "meta": {},
        "source": null
    }
},
{
    "model": "caluma_form.option",
    "pk": "review-document-decision-reject",
    "fields": {
        "created_at": "2021-05-31T09:41:37.580Z",
        "modified_at": "2021-06-03T09:17:44.758Z",
        "created_by_user": null,
        "created_by_group": null,
        "modified_by_user": null,
        "modified_by_group": null,
        "label": "{\"de\": \"R\\u00fcckweisung\", \"fr\": null, \"en\": null}",
        "is_archived": false,
        "meta": {},
        "source": null
    }
}
]
